section,in_resume,title,institution,loc,start,end,description_1,description_2,description_3
education,TRUE,M.S. Program Evaluation and Data Analytics,Arizona State University,Tempe AZ,2025,2027,GPA 4.0,Expected Graduation May 2027,Graduate studies in analytics evaluation and public policy
education,TRUE,B.S. Astronomy and Planetary Science,Arizona State University,Tempe AZ,2021,2025,GPA 4.0,Published undergraduate research in exoplanet astronomy,Graduated with honors
education,TRUE,B.S. Physical Science Composite Teaching,Weber State University,Ogden UT,2010,2014,GPA 3.6,Academic Presidential Scholarship,Science education emphasis
positions,TRUE,GED Education Teacher,Arizona Department of Corrections,Safford AZ,2025,Present,Teach adult learners preparing for the GED examination,Maintain approximately 90 percent pass rates,Supervise inmate teacher assistants
positions,TRUE,Integrated Science Teacher,Thatcher High School,Thatcher AZ,2022,2023,Taught ninth grade integrated science,Redesigned curriculum using Pearson MyLab resources,Supported student achievement goals
positions,TRUE,Astronomy and Physics Teacher,Davis High School,Kaysville UT,2015,2022,Developed astronomy curriculum and laboratory activities,Transitioned courses to online instruction during remote learning,Integrated coding and technology into science instruction
positions,TRUE,Science in the Parks Facilitator,Weber State University,Ogden UT,2013,2014,Led informal science education programs,Served up to 200 children daily,Coordinated educational activities and volunteers
positions,TRUE,Student Support Services Tutor,Weber State University,Ogden UT,2010,2013,Tutored mathematics chemistry and physics,Supported first generation and ELL students,Earned CRLA Master Tutor certification
writings,TRUE,Monty Hall R Package Project,Arizona State University,Online,2026,2026,Developed an R package that simulates the Monty Hall problem,Created package documentation and help files,Published source code through GitHub
writings,TRUE,Community Data Analysis Project,Arizona State University,Online,2026,2026,Analyzed public sector datasets using R,Created reproducible reports and visualizations,Applied statistical evaluation methods
writings,TRUE,R Markdown Website Project,Arizona State University,Online,2026,2026,Built and deployed a website using R Markdown and GitHub Pages,Customized HTML and CSS components,Published project documentation online
writings,TRUE,Exoplanet Transit Research Project,Arizona State University,Tempe AZ,2024,2025,Collected and analyzed observational astronomy data,Used Python and Google Colab workflows,Contributed to a published research study
writings,TRUE,Graduate Data Analytics Projects,Arizona State University,Tempe AZ,2025,Present,Conducted regression and statistical analyses,Used R RStudio and data visualization techniques,Produced evaluation reports for coursework
